Scenario,Train_Set,Test_Set,Model,Fold,Accuracy,Precision,Recall,F1-Score,Threshold
S1_Baseline,KDD,KDD,M1_LogisticRegression,1,0.9414365173777449,0.9870794529742428,0.9395651566274682,0.9627364135715966,0.35
S1_Baseline,KDD,KDD,M2_XGBoost,1,0.9727679002025528,0.9874690251223885,0.9785972408010063,0.983013116200714,0.49999999999999994
S1_Baseline,KDD,KDD,M3_IsolationForest,1,0.3000675176028036,0.6063342536949813,0.37267155150038933,0.461618359877337,
S1_Baseline,KDD,KDD,M1_LogisticRegression,2,0.9424332058000836,0.9874842767295597,0.9404236628266816,0.9633795903340935,0.35
S1_Baseline,KDD,KDD,M2_XGBoost,2,0.9745844452303636,0.9886958974772306,0.979635434344241,0.9841448127162413,0.49999999999999994
S1_Baseline,KDD,KDD,M3_IsolationForest,2,0.2992637366170466,0.6056938343907597,0.3716732884780482,0.4606666501695083,
S1_Baseline,KDD,KDD,M1_LogisticRegression,3,0.9432369867858406,0.9877834122626881,0.9411424122027672,0.9638990276968377,0.35
S1_Baseline,KDD,KDD,M2_XGBoost,3,0.9750024113429573,0.988288795878944,0.9805738015852417,0.9844161831173647,0.49999999999999994
S1_Baseline,KDD,KDD,M3_IsolationForest,3,0.29955309777191913,0.605924625239814,0.372032663166091,0.4610094012864918,
S1_Baseline,KDD,KDD,M1_LogisticRegression,4,0.9433816673632769,0.9881746131588879,0.9409439386679445,0.9639811008161011,0.35
S1_Baseline,KDD,KDD,M2_XGBoost,4,0.9749381088640967,0.9888980677399206,0.9798754192620988,0.9843660686529146,0.49999999999999994
S1_Baseline,KDD,KDD,M3_IsolationForest,4,0.29944056843391315,0.6058546105057733,0.37188548155246764,0.4608761273242364,
S1_Baseline,KDD,KDD,M1_LogisticRegression,5,0.9440077164215095,0.9878569634034,0.9420408489228742,0.9644050648434865,0.35
S1_Baseline,KDD,KDD,M2_XGBoost,5,0.9753396029258098,0.9892975914541973,0.979974843771837,0.9846141501674992,0.49999999999999994
S1_Baseline,KDD,KDD,M3_IsolationForest,5,0.299943734426493,0.6062585299278612,0.3724918641563679,0.46145855233054256,
S1_Baseline,KDD,KDD,M1_LogisticRegression,6,0.9434620454618525,0.9875214605753528,0.9416814742348314,0.9640568631258367,0.35
S1_Baseline,KDD,KDD,M2_XGBoost,6,0.9747291258077999,0.9882258226829023,0.9802942879389862,0.9842440764944073,0.49999999999999994
S1_Baseline,KDD,KDD,M3_IsolationForest,6,0.2986689386875864,0.6052185810150499,0.37093457384151574,0.4599616265395804,
S1_Baseline,KDD,KDD,M1_LogisticRegression,7,0.9432691380252709,0.9874366598266259,0.9415217521512568,0.9639327507792937,0.35
S1_Baseline,KDD,KDD,M2_XGBoost,7,0.9753560749766903,0.9887855359587662,0.9805139058039012,0.9846323492556764,0.49999999999999994
S1_Baseline,KDD,KDD,M3_IsolationForest,7,0.29936019033533745,0.6057707947041411,0.37179308004072914,0.4607809175038353,
S1_Baseline,KDD,KDD,M1_LogisticRegression,8,0.9433495161238465,0.9880510659706937,0.9410226206400862,0.9639635954596585,0.35
S1_Baseline,KDD,KDD,M2_XGBoost,8,0.9755811336527023,0.9890249305247896,0.9805538363247949,0.98477116647451,0.49999999999999994
S1_Baseline,KDD,KDD,M3_IsolationForest,8,0.2984278043918593,0.6050255841997197,0.37063509493481345,0.459675622136932,
S1_Baseline,KDD,KDD,M1_LogisticRegression,9,0.9418062566311931,0.9872902684563758,0.9398259064047276,0.9629735700842812,0.35
S1_Baseline,KDD,KDD,M2_XGBoost,9,0.9735716811883098,0.9882680212868892,0.9787973167225683,0.9835098700048146,0.49999999999999994
S1_Baseline,KDD,KDD,M3_IsolationForest,9,0.3009999035462817,0.6070942221645808,0.3738220731512538,0.4627208698875572,
S1_Baseline,KDD,KDD,M1_LogisticRegression,10,0.9425930391447633,0.9881007345225603,0.9400243576177452,0.96346317157269,0.35
S1_Baseline,KDD,KDD,M2_XGBoost,10,0.9736355598424564,0.9884262526464361,0.9787170323636872,0.9835476816275757,0.49999999999999994
S1_Baseline,KDD,KDD,M3_IsolationForest,10,0.30114942528735633,0.6072088425010534,0.37400922395032643,0.4628975265017668,
S1_Baseline,CORES,CORES,M1_LogisticRegression,1,0.9568426270136308,0.9254074455309659,0.9998980490291487,0.9612117162267513,0.39999999999999997
S1_Baseline,CORES,CORES,M2_XGBoost,1,0.9568525402726146,0.9253941296553617,0.9999351221094582,0.961221662412409,0.05
S1_Baseline,CORES,CORES,M3_IsolationForest,1,0.5856456009913259,0.6204220396269241,0.5801473654942305,0.5996091691971684,
S1_Baseline,CORES,CORES,M1_LogisticRegression,2,0.9567137546468402,0.9252302783924252,0.9998609759488392,0.9610990097686788,0.39999999999999997
S1_Baseline,CORES,CORES,M2_XGBoost,2,0.9567286245353159,0.9252176150250847,0.9999073172992261,0.9611135857461024,0.05
S1_Baseline,CORES,CORES,M3_IsolationForest,2,0.58417843866171,0.6195142353538673,0.5765883497845127,0.5972810276793686,
S1_Baseline,CORES,CORES,M1_LogisticRegression,3,0.9565353159851301,0.92490098245975,0.9999165855693035,0.9609469985436958,0.39999999999999997
S1_Baseline,CORES,CORES,M2_XGBoost,3,0.9565254027261462,0.9248705551555053,0.9999351221094582,0.960939135236721,0.65
S1_Baseline,CORES,CORES,M3_IsolationForest,3,0.56382156133829,0.5982343879606589,0.5614903378284444,0.579280274235883,
S1_Baseline,CORES,CORES,M1_LogisticRegression,4,0.9569415461786676,0.9255801981896958,0.9998795113722728,0.9612963301239925,0.39999999999999997
S1_Baseline,CORES,CORES,M2_XGBoost,4,0.9569514594867881,0.9255741727365541,0.9999073164402098,0.9613059304175039,0.05
S1_Baseline,CORES,CORES,M3_IsolationForest,4,0.5840475045725134,0.6184959671042227,0.5799395703190168,0.5985975452258182,
S1_Baseline,CORES,CORES,M1_LogisticRegression,5,0.9573430351575473,0.9262092412301035,0.9998980480842308,0.9616440554079831,0.39999999999999997
S1_Baseline,CORES,CORES,M2_XGBoost,5,0.9573529484656678,0.9261885548477928,0.9999443898641259,0.961654336393618,0.25
S1_Baseline,CORES,CORES,M3_IsolationForest,5,0.5610585430411056,0.5961190528262122,0.5557862346376999,0.5752465369709527,
S1_Baseline,CORES,CORES,M1_LogisticRegression,6,0.9567137546468402,0.9251865191664522,0.9999165855693035,0.9611010890626044,0.39999999999999997
S1_Baseline,CORES,CORES,M2_XGBoost,6,0.9567286245353159,0.9251665680549481,0.9999721951897679,0.961116010582859,0.05
S1_Baseline,CORES,CORES,M3_IsolationForest,6,0.5699975216852541,0.6052259605813259,0.5635200889753927,0.5836289025941302,
S1_Baseline,CORES,CORES,M1_LogisticRegression,7,0.9573878562577447,0.9263034070614096,0.9998702442189166,0.9616819472363489,0.39999999999999997
S1_Baseline,CORES,CORES,M2_XGBoost,7,0.9574126394052045,0.9262992504571953,0.9999258538393809,0.9617054277386057,0.05
S1_Baseline,CORES,CORES,M3_IsolationForest,7,0.5492143742255267,0.5836599306988361,0.5479679317855323,0.5652510612260507,
S1_Baseline,CORES,CORES,M1_LogisticRegression,8,0.9566294919454771,0.9250808187345115,0.999879512488994,0.9610269292783523,0.39999999999999997
S1_Baseline,CORES,CORES,M2_XGBoost,8,0.9566493184634448,0.9250760986066452,0.9999258538393809,0.9610457865668983,0.15
S1_Baseline,CORES,CORES,M3_IsolationForest,8,0.5865774473358116,0.6210202730085302,0.5823068724222624,0.6010408296024184,
S1_Baseline,CORES,CORES,M1_LogisticRegression,9,0.956748236670318,0.9252341257589791,0.9999258531521679,0.9611310568468316,0.39999999999999997
S1_Baseline,CORES,CORES,M2_XGBoost,9,0.956748236670318,0.9252049531780606,0.999962926576084,0.9611324418946487,0.05
S1_Baseline,CORES,CORES,M3_IsolationForest,9,0.6018666759190876,0.6373618708835281,0.5928503901977867,0.6143008744171753,
S1_Baseline,CORES,CORES,M1_LogisticRegression,10,0.9568969362921254,0.9255233356211393,0.9998609746603148,0.9612570949949656,0.39999999999999997
S1_Baseline,CORES,CORES,M2_XGBoost,10,0.9569018929461857,0.9255020717698834,0.9998980480842308,0.9612627583410926,0.05
S1_Baseline,CORES,CORES,M3_IsolationForest,10,0.5824514619651151,0.6169947571470966,0.5780858991232135,0.5969069402442292,
S1_Baseline,NETFLOW,NETFLOW,M1_LogisticRegression,1,0.5505766990478208,0.5505766990478208,1.0,0.7101573232538826,0.05
S1_Baseline,NETFLOW,NETFLOW,M2_XGBoost,1,0.6975603415906881,0.688465011864413,0.8231801947129361,0.7498198122862137,0.39999999999999997
S1_Baseline,NETFLOW,NETFLOW,M3_IsolationForest,1,0.47323018860658345,0.5240400740816357,0.47128486930976143,0.49626437972131304,
S1_Baseline,NETFLOW,NETFLOW,M1_LogisticRegression,2,0.5505766990478208,0.5505766990478208,1.0,0.7101573232538826,0.05
S1_Baseline,NETFLOW,NETFLOW,M2_XGBoost,2,0.6983618473624924,0.6888038612914297,0.824762729128688,0.7506769190979717,0.39999999999999997
S1_Baseline,NETFLOW,NETFLOW,M3_IsolationForest,2,0.4768381680418227,0.5275925890036629,0.47604121584108205,0.5004929414008729,
S1_Baseline,NETFLOW,NETFLOW,M1_LogisticRegression,3,0.5505791059720604,0.5505791059720604,1.0,0.71015932544364,0.05
S1_Baseline,NETFLOW,NETFLOW,M2_XGBoost,3,0.6990333792253555,0.689822305850655,0.8237711367968245,0.7508696708997956,0.39999999999999997
S1_Baseline,NETFLOW,NETFLOW,M3_IsolationForest,3,0.47385358198465344,0.5243764798547641,0.4773025337926452,0.49973338581704085,
S1_Baseline,NETFLOW,NETFLOW,M1_LogisticRegression,4,0.5505791059720604,0.5505791059720604,1.0,0.71015932544364,0.05
S1_Baseline,NETFLOW,NETFLOW,M2_XGBoost,4,0.6967131042583303,0.687177992348333,0.8244705964642314,0.7495896247600348,0.39999999999999997
S1_Baseline,NETFLOW,NETFLOW,M3_IsolationForest,4,0.472789721470727,0.523368264986353,0.47530033049469284,0.4981774944041861,
S1_Baseline,NETFLOW,NETFLOW,M1_LogisticRegression,5,0.5505780242474132,0.5505780242474132,1.0,0.7101584256163325,0.05
S1_Baseline,NETFLOW,NETFLOW,M2_XGBoost,5,0.6980891382468403,0.6895560945716351,0.8214883692463726,0.749762598252404,0.39999999999999997
S1_Baseline,NETFLOW,NETFLOW,M3_IsolationForest,5,0.4746201262675495,0.5251688904916456,0.47747948606976265,0.5001900522529206,
S1_Baseline,NETFLOW,NETFLOW,M1_LogisticRegression,6,0.5505766990478208,0.5505766990478208,1.0,0.7101573232538826,0.05
S1_Baseline,NETFLOW,NETFLOW,M2_XGBoost,6,0.698843232210423,0.6898162395041104,0.8231583365027738,0.7506114077626362,0.39999999999999997
S1_Baseline,NETFLOW,NETFLOW,M3_IsolationForest,6,0.4783232402976884,0.5287754094510456,0.4822795490214079,0.5044583657231698,
S1_Baseline,NETFLOW,NETFLOW,M1_LogisticRegression,7,0.5505766990478208,0.5505766990478208,1.0,0.7101573232538826,0.05
S1_Baseline,NETFLOW,NETFLOW,M2_XGBoost,7,0.6990526346192727,0.6895319130272695,0.8247452425605581,0.7511018214392355,0.39999999999999997
S1_Baseline,NETFLOW,NETFLOW,M3_IsolationForest,7,0.48260275159579075,0.5332570965360508,0.4831407625018033,0.5069633666363912,
S1_Baseline,NETFLOW,NETFLOW,M1_LogisticRegression,8,0.5505791059720604,0.5505791059720604,1.0,0.71015932544364,0.05
S1_Baseline,NETFLOW,NETFLOW,M2_XGBoost,8,0.6970933982881955,0.6882408897995024,0.8223459877244829,0.7493407267541449,0.39999999999999997
S1_Baseline,NETFLOW,NETFLOW,M3_IsolationForest,8,0.4736634349697209,0.5243289725405322,0.4744697221396471,0.4981548799294999,
S1_Baseline,NETFLOW,NETFLOW,M1_LogisticRegression,9,0.5505791059720604,0.5505791059720604,1.0,0.71015932544364,0.05
S1_Baseline,NETFLOW,NETFLOW,M2_XGBoost,9,0.6988384183619436,0.6891305379429168,0.8253099480651197,0.7510975752885922,0.39999999999999997
S1_Baseline,NETFLOW,NETFLOW,M3_IsolationForest,9,0.4791560360846082,0.5303168620060075,0.4723582282686625,0.49966242462358035,
S1_Baseline,NETFLOW,NETFLOW,M1_LogisticRegression,10,0.5505780242474132,0.5505780242474132,1.0,0.7101584256163325,0.05
S1_Baseline,NETFLOW,NETFLOW,M2_XGBoost,10,0.6967123742679924,0.6873529765747235,0.8239058872903251,0.7494601720291567,0.39999999999999997
S1_Baseline,NETFLOW,NETFLOW,M3_IsolationForest,10,0.4766732375856566,0.5272126829080701,0.47945983991046875,0.5022036517657833,
S2_Transfer,KDD,CORES,M1_LogisticRegression,1,0.5256357385590851,0.5305464884491691,0.9812965616444197,0.688726842214821,0.35
S2_Transfer,KDD,CORES,M2_XGBoost,1,0.7596188542629081,0.8680079006911866,0.649242872210472,0.7428540523573091,0.49999999999999994
S2_Transfer,KDD,CORES,M3_IsolationForest,1,0.5347946166931682,0.5347946166931682,1.0,0.6968940480719484,
S2_Transfer,KDD,CORES,M1_LogisticRegression,2,0.5256357385590851,0.5305464884491691,0.9812965616444197,0.688726842214821,0.35
S2_Transfer,KDD,CORES,M2_XGBoost,2,0.7596208369186358,0.8680359174285778,0.6492187746189336,0.7428485376805232,0.49999999999999994
S2_Transfer,KDD,CORES,M3_IsolationForest,2,0.5347946166931682,0.5347946166931682,1.0,0.6968940480719484,
S2_Transfer,KDD,NETFLOW,M1_LogisticRegression,1,0.49842514871188576,0.5611829815674518,0.408176879824645,0.4726045043745429,0.35
S2_Transfer,KDD,NETFLOW,M2_XGBoost,1,0.482550031554792,0.5822178681512986,0.21304198430233523,0.31194042939432753,0.49999999999999994
S2_Transfer,KDD,NETFLOW,M3_IsolationForest,1,0.5505735943916713,0.5505770510175296,0.9999728958667945,0.7101507812890501,
S2_Transfer,KDD,NETFLOW,M1_LogisticRegression,2,0.49842514871188576,0.5611829815674518,0.408176879824645,0.4726045043745429,0.35
S2_Transfer,KDD,NETFLOW,M2_XGBoost,2,0.4822048784526743,0.5793871541580305,0.21727809802428355,0.316037729850304,0.49999999999999994
S2_Transfer,KDD,NETFLOW,M3_IsolationForest,2,0.5505716688513527,0.5505756986706796,0.9999781418280601,0.7101509792337193,
S2_Transfer,CORES,KDD,M1_LogisticRegression,1,0.08454517102906803,0.27041970680768457,0.08065533709211135,0.12425145556714062,0.39999999999999997
S2_Transfer,CORES,KDD,M2_XGBoost,1,0.08388928363593105,0.26824123708570125,0.07972495967033494,0.12291723740954046,0.05
S2_Transfer,CORES,KDD,M3_IsolationForest,1,0.8051853685669182,0.8051853685669182,1.0,0.8920805393034295,
S2_Transfer,CORES,KDD,M1_LogisticRegression,2,0.08454517102906803,0.27041970680768457,0.08065533709211135,0.12425145556714062,0.39999999999999997
S2_Transfer,CORES,KDD,M2_XGBoost,2,0.08388928363593105,0.26824123708570125,0.07972495967033494,0.12291723740954046,0.05
S2_Transfer,CORES,KDD,M3_IsolationForest,2,0.8051853685669182,0.8051853685669182,1.0,0.8920805393034295,
S2_Transfer,CORES,NETFLOW,M1_LogisticRegression,1,0.5404409198498656,0.5572414903852267,0.8046648836227209,0.6584779505672,0.39999999999999997
S2_Transfer,CORES,NETFLOW,M2_XGBoost,1,0.5404409198498656,0.5572414903852267,0.8046648836227209,0.6584779505672,0.05
S2_Transfer,CORES,NETFLOW,M3_IsolationForest,1,0.5505779268573883,0.5505779268573883,1.0,0.7101583446028594,
S2_Transfer,CORES,NETFLOW,M1_LogisticRegression,2,0.5404409198498656,0.5572414903852267,0.8046648836227209,0.6584779505672,0.39999999999999997
S2_Transfer,CORES,NETFLOW,M2_XGBoost,2,0.5404409198498656,0.5572414903852267,0.8046648836227209,0.6584779505672,0.05
S2_Transfer,CORES,NETFLOW,M3_IsolationForest,2,0.5505779268573883,0.5505779268573883,1.0,0.7101583446028594,
S2_Transfer,NETFLOW,KDD,M1_LogisticRegression,1,0.8051853685669182,0.8051853685669182,1.0,0.8920805393034295,0.05
S2_Transfer,NETFLOW,KDD,M2_XGBoost,1,0.6480649714335319,0.7865767882843692,0.7725247168937374,0.7794874274271855,0.39999999999999997
S2_Transfer,NETFLOW,KDD,M3_IsolationForest,1,0.8060020126740594,0.8228626360001766,0.9672930409366065,0.8892514899170199,
S2_Transfer,NETFLOW,KDD,M1_LogisticRegression,2,0.8051853685669182,0.8051853685669182,1.0,0.8920805393034295,0.05
S2_Transfer,NETFLOW,KDD,M2_XGBoost,2,0.6621311839088959,0.8008386698844656,0.7724967656407226,0.7864124436748108,0.39999999999999997
S2_Transfer,NETFLOW,KDD,M3_IsolationForest,2,0.8057865986772937,0.8237904077751954,0.9652685716111102,0.8889354676198146,
S2_Transfer,NETFLOW,CORES,M1_LogisticRegression,1,0.5347946166931682,0.5347946166931682,1.0,0.6968940480719484,0.05
S2_Transfer,NETFLOW,CORES,M2_XGBoost,1,0.5359148171793153,0.5355498848695687,0.9959145314037959,0.696538433365766,0.39999999999999997
S2_Transfer,NETFLOW,CORES,M3_IsolationForest,1,0.5304050169120533,0.532769324285273,0.9910597935392503,0.6929993007142565,
S2_Transfer,NETFLOW,CORES,M1_LogisticRegression,2,0.5347946166931682,0.5347946166931682,1.0,0.6968940480719484,0.05
S2_Transfer,NETFLOW,CORES,M2_XGBoost,2,0.5352585581334486,0.5351748538570587,0.9964928736007177,0.6963624269658264,0.39999999999999997
S2_Transfer,NETFLOW,CORES,M3_IsolationForest,2,0.5343435625151177,0.5345867473094017,0.9991009744695286,0.696499205921538,
S3_Combined,CORES+NETFLOW,KDD,M1_LogisticRegression,1,0.6111198634210958,0.7684553600676721,0.7400014374930122,0.7539600365338416,0.39999999999999997
S3_Combined,CORES+NETFLOW,KDD,M2_XGBoost,1,0.3178771111375467,0.6474490346240966,0.33555479244198116,0.44202193409252294,0.44999999999999996
S3_Combined,CORES+NETFLOW,KDD,M3_IsolationForest,1,0.8292699394590215,0.8442985057960597,0.9661310674184223,0.9011154354667511,
S3_Combined,CORES+NETFLOW,KDD,M1_LogisticRegression,2,0.6111198634210958,0.7684553600676721,0.7400014374930122,0.7539600365338416,0.39999999999999997
S3_Combined,CORES+NETFLOW,KDD,M2_XGBoost,2,0.2889987750338393,0.6049873845977407,0.33702422974332763,0.43289361658477543,0.44999999999999996
S3_Combined,CORES+NETFLOW,KDD,M3_IsolationForest,2,0.8137633468261802,0.8303174641304311,0.9661430465268571,0.8930955505233105,
S3_Combined,KDD+NETFLOW,CORES,M1_LogisticRegression,1,0.5347946166931682,0.5347946166931682,1.0,0.6968940480719484,0.05
S3_Combined,KDD+NETFLOW,CORES,M2_XGBoost,1,0.5345477760550702,0.5347021230362882,0.9989359986505348,0.6965570191595544,0.44999999999999996
S3_Combined,KDD+NETFLOW,CORES,M3_IsolationForest,1,0.5347946166931682,0.5347946166931682,1.0,0.6968940480719484,
S3_Combined,KDD+NETFLOW,CORES,M1_LogisticRegression,2,0.5347946166931682,0.5347946166931682,1.0,0.6968940480719484,0.05
S3_Combined,KDD+NETFLOW,CORES,M2_XGBoost,2,0.5350146914789422,0.5349286843760354,0.9995625360305335,0.6969015726381511,0.44999999999999996
S3_Combined,KDD+NETFLOW,CORES,M3_IsolationForest,2,0.5347946166931682,0.5347946166931682,1.0,0.6968940480719484,
S3_Combined,KDD+CORES,NETFLOW,M1_LogisticRegression,1,0.5449885646974326,0.57997002997003,0.629412181296924,0.603680454780067,0.39999999999999997
S3_Combined,KDD+CORES,NETFLOW,M2_XGBoost,1,0.5011050194503641,0.6139833828422432,0.25282123425228004,0.35816153628918385,0.44999999999999996
S3_Combined,KDD+CORES,NETFLOW,M3_IsolationForest,1,0.5505779268573883,0.5505779268573883,1.0,0.7101583446028594,
S3_Combined,KDD+CORES,NETFLOW,M1_LogisticRegression,2,0.5449885646974326,0.57997002997003,0.629412181296924,0.603680454780067,0.39999999999999997
S3_Combined,KDD+CORES,NETFLOW,M2_XGBoost,2,0.5010501415512827,0.5963982232001452,0.29007105654534215,0.39030763203683727,0.44999999999999996
S3_Combined,KDD+CORES,NETFLOW,M3_IsolationForest,2,0.5505779268573883,0.5505779268573883,1.0,0.7101583446028594,
