Scenario,Train_Set,Test_Set,Model,Fold,Accuracy,Precision,Recall,F1-Score
S1_Baseline,KDD,KDD,M1_LogisticRegression,1,0.9440086165321673,0.9703483912639781,0.9597899654600994,0.9650402995111865
S1_Baseline,KDD,KDD,M2_XGBoost,1,0.9727839758222679,0.9874889193327424,0.9785972408010063,0.9830229736369744
S1_Baseline,KDD,KDD,M3_IsolationForest,1,0.20223129601646145,0.5374857700439096,0.06598518577674846,0.11754036560210541
S1_Baseline,KDD,KDD,M1_LogisticRegression,2,0.9438639359547311,0.9690551450602992,0.9609679158264619,0.964994586791772
S1_Baseline,KDD,KDD,M2_XGBoost,2,0.9746165964697939,0.9886766602192134,0.9796953301255815,0.9841655050692446
S1_Baseline,KDD,KDD,M3_IsolationForest,2,0.20520528566376234,0.5513840279987273,0.06919959270868689,0.12296666844056552
S1_Baseline,KDD,KDD,M1_LogisticRegression,3,0.9448927756165,0.969038380345403,0.9623055882763991,0.9656602488329694
S1_Baseline,KDD,KDD,M2_XGBoost,3,0.9749702601035269,0.9882686735350934,0.9805538363247949,0.9843961396229819
S1_Baseline,KDD,KDD,M3_IsolationForest,3,0.20136321255184386,0.5323580855461918,0.06684369197596182,0.11877394636015326
S1_Baseline,KDD,KDD,M1_LogisticRegression,4,0.9450535318136514,0.9701035496998267,0.9613879571953362,0.9657260894851895
S1_Baseline,KDD,KDD,M2_XGBoost,4,0.9748738063852361,0.9888971729099079,0.9797955598147261,0.98432532718247
S1_Baseline,KDD,KDD,M3_IsolationForest,4,0.20110600263640163,0.5328088382992969,0.06354815524676569,0.11355285219935071
S1_Baseline,KDD,KDD,M1_LogisticRegression,5,0.9448115103287517,0.9698477280051563,0.9613472557749516,0.9655787837770091
S1_Baseline,KDD,KDD,M2_XGBoost,5,0.9752913752913753,0.9892772201394767,0.9799349132509434,0.9845839058785769
S1_Baseline,KDD,KDD,M3_IsolationForest,5,0.20472630817458404,0.5502197623311086,0.06748258031026015,0.1202205228525698
S1_Baseline,KDD,KDD,M1_LogisticRegression,6,0.9449570780953606,0.969342801392046,0.9620660051510372,0.9656906952043127
S1_Baseline,KDD,KDD,M2_XGBoost,6,0.9747130501880847,0.9882452397246487,0.9802543574180925,0.984233579568804
S1_Baseline,KDD,KDD,M3_IsolationForest,6,0.20219914477703116,0.5373839387522398,0.06586539421406752,0.11734784619215309
S1_Baseline,KDD,KDD,M1_LogisticRegression,7,0.9460180689965598,0.9701390425981448,0.9625851019226546,0.9663473101900104
S1_Baseline,KDD,KDD,M2_XGBoost,7,0.9753560749766903,0.9887461749073925,0.9805538363247949,0.9846329654467266
S1_Baseline,KDD,KDD,M3_IsolationForest,7,0.20456226087515675,0.5489183080400387,0.06788188551919659,0.12082230237557968
S1_Baseline,KDD,KDD,M1_LogisticRegression,8,0.945005304954506,0.9700064458947708,0.9614271168167389,0.9656977268853215
S1_Baseline,KDD,KDD,M2_XGBoost,8,0.9755329067935569,0.9890045713595264,0.9805139058039012,0.9847409367982034
S1_Baseline,KDD,KDD,M3_IsolationForest,8,0.20115422949554707,0.5319597663854639,0.06546608900513107,0.1165845940516613
S1_Baseline,KDD,KDD,M1_LogisticRegression,9,0.942931550011253,0.9688305931656995,0.9600103817281584,0.9644003208985158
S1_Baseline,KDD,KDD,M2_XGBoost,9,0.9736359836671704,0.9883280248357054,0.9788172815844114,0.9835496619656148
S1_Baseline,KDD,KDD,M3_IsolationForest,9,0.20496415136803522,0.5501110053916904,0.06925810573390832,0.12302727240486576
S1_Baseline,KDD,KDD,M1_LogisticRegression,10,0.9438791093963508,0.9702676516894756,0.9597101044183122,0.9649600016059581
S1_Baseline,KDD,KDD,M2_XGBoost,10,0.9735873322080218,0.9883073945649544,0.9787769281450277,0.9835190739384698
S1_Baseline,KDD,KDD,M3_IsolationForest,10,0.2018004983522225,0.5348837209302325,0.06658414359015313,0.11842619225169561
S1_Baseline,CORES,CORES,M1_LogisticRegression,1,0.9568426270136308,0.9254074455309659,0.9998980490291487,0.9612117162267513
S1_Baseline,CORES,CORES,M2_XGBoost,1,0.9568475836431227,0.9253934897285242,0.9999258538393809,0.9612170349251604
S1_Baseline,CORES,CORES,M3_IsolationForest,1,0.4774175960346964,0.5613423620792671,0.10449047685249548,0.17618515537705404
S1_Baseline,CORES,CORES,M1_LogisticRegression,2,0.9567137546468402,0.9252302783924252,0.9998609759488392,0.9610990097686788
S1_Baseline,CORES,CORES,M2_XGBoost,2,0.9567335811648079,0.9252255497238516,0.9999073172992261,0.96111786689473
S1_Baseline,CORES,CORES,M3_IsolationForest,2,0.47501363073110286,0.548905253793308,0.10293340747949395,0.1733578921078921
S1_Baseline,CORES,CORES,M1_LogisticRegression,3,0.9565353159851301,0.92490098245975,0.9999165855693035,0.9609469985436958
S1_Baseline,CORES,CORES,M2_XGBoost,3,0.9565303593556381,0.9248711991976203,0.9999443903795356,0.960943762580829
S1_Baseline,CORES,CORES,M3_IsolationForest,3,0.48703345724907066,0.609009900990099,0.11401825849205245,0.1920761934501737
S1_Baseline,CORES,CORES,M1_LogisticRegression,4,0.9569415461786676,0.9255801981896958,0.9998795113722728,0.9612963301239925
S1_Baseline,CORES,CORES,M2_XGBoost,4,0.9569564161408483,0.9255821136258343,0.9999073164402098,0.9613102133195516
S1_Baseline,CORES,CORES,M3_IsolationForest,4,0.4838586560528181,0.5928264837929844,0.11136856544386156,0.1875112161856386
S1_Baseline,CORES,CORES,M1_LogisticRegression,5,0.9573430351575473,0.9262092412301035,0.9998980480842308,0.9616440554079831
S1_Baseline,CORES,CORES,M2_XGBoost,5,0.9573678184278485,0.9262124086776611,0.9999443898641259,0.9616671940528664
S1_Baseline,CORES,CORES,M3_IsolationForest,5,0.48542495873585495,0.6011907715207144,0.11230466939774222,0.18925567556169903
S1_Baseline,CORES,CORES,M1_LogisticRegression,6,0.9567137546468402,0.9251865191664522,0.9999165855693035,0.9611010890626044
S1_Baseline,CORES,CORES,M2_XGBoost,6,0.9567335811648079,0.9251745013634259,0.9999721951897679,0.9611202914753266
S1_Baseline,CORES,CORES,M3_IsolationForest,6,0.47894919454770757,0.569004130791818,0.1059641317948005,0.17865737412882457
S1_Baseline,CORES,CORES,M1_LogisticRegression,7,0.9573878562577447,0.9263034070614096,0.9998702442189166,0.9616819472363489
S1_Baseline,CORES,CORES,M2_XGBoost,7,0.9573977695167286,0.9262973520623691,0.9998980490291487,0.9616915445060015
S1_Baseline,CORES,CORES,M3_IsolationForest,7,0.4905923172242875,0.6265816528272045,0.11749385977107372,0.19788178916231552
S1_Baseline,CORES,CORES,M1_LogisticRegression,8,0.9566294919454771,0.9250808187345115,0.999879512488994,0.9610269292783523
S1_Baseline,CORES,CORES,M2_XGBoost,8,0.956634448574969,0.9250741712541373,0.9998980490291487,0.961031904042901
S1_Baseline,CORES,CORES,M3_IsolationForest,8,0.472272614622057,0.5350954912384328,0.10075536401130729,0.16957983324363743
S1_Baseline,CORES,CORES,M1_LogisticRegression,9,0.956748236670318,0.9252341257589791,0.9999258531521679,0.9611310568468316
S1_Baseline,CORES,CORES,M2_XGBoost,9,0.9567432800162579,0.9252043117716168,0.999953658220105,0.961127814525289
S1_Baseline,CORES,CORES,M3_IsolationForest,9,0.48239644310504637,0.5870919136112507,0.1083378130387232,0.1829207223561078
S1_Baseline,CORES,CORES,M1_LogisticRegression,10,0.9568969362921254,0.9255233356211393,0.9998609746603148,0.9612570949949656
S1_Baseline,CORES,CORES,M2_XGBoost,10,0.956911806254306,0.9255179513576116,0.9998980480842308,0.9612713234933774
S1_Baseline,CORES,CORES,M3_IsolationForest,10,0.48584131767691535,0.6036758479852568,0.11233247446567927,0.18941791499636637
S1_Baseline,NETFLOW,NETFLOW,M1_LogisticRegression,1,0.5548778726640801,0.5549504714555548,0.9671645966941643,0.7052403069145019
S1_Baseline,NETFLOW,NETFLOW,M2_XGBoost,1,0.7187701579905071,0.751971322936697,0.7299855298648725,0.7408153396361185
S1_Baseline,NETFLOW,NETFLOW,M3_IsolationForest,1,0.47087140285172385,0.6066291731482589,0.11081238223889275,0.1873937279138882
S1_Baseline,NETFLOW,NETFLOW,M1_LogisticRegression,2,0.5557130753752395,0.5554127850947639,0.9674968414886316,0.7057019089269799
S1_Baseline,NETFLOW,NETFLOW,M2_XGBoost,2,0.7201733948222245,0.7546752035354953,0.7286084626246464,0.741412788900183
S1_Baseline,NETFLOW,NETFLOW,M3_IsolationForest,2,0.4667748177958351,0.5891254357985313,0.10415874306548283,0.17701994873509416
S1_Baseline,NETFLOW,NETFLOW,M1_LogisticRegression,3,0.5555710668450999,0.5553097456117908,0.9678423417909665,0.7057105971980938
S1_Baseline,NETFLOW,NETFLOW,M2_XGBoost,3,0.7174896742950119,0.7505827296044638,0.7291954465175652,0.7397345325049115
S1_Baseline,NETFLOW,NETFLOW,M3_IsolationForest,3,0.4706547796701551,0.6073706246044497,0.10908073513211045,0.18494607715969313
S1_Baseline,NETFLOW,NETFLOW,M1_LogisticRegression,4,0.5548104787853697,0.5549335568179538,0.9668324968961477,0.7051383424413822
S1_Baseline,NETFLOW,NETFLOW,M2_XGBoost,4,0.7178892237187943,0.7512796020617813,0.7289331491422876,0.7399376958099988
S1_Baseline,NETFLOW,NETFLOW,M3_IsolationForest,4,0.46847651323326944,0.5953740513191181,0.10802717400807876,0.1828730855901692
S1_Baseline,NETFLOW,NETFLOW,M1_LogisticRegression,5,0.5555459278354238,0.5553349514684953,0.967208313114489,0.7055623234069152
S1_Baseline,NETFLOW,NETFLOW,M2_XGBoost,5,0.71814608621142,0.7525333405714493,0.7272182804583229,0.739659270029502
S1_Baseline,NETFLOW,NETFLOW,M3_IsolationForest,5,0.46591907419843215,0.5821625509470151,0.10615221183228632,0.17956274010286294
S1_Baseline,NETFLOW,NETFLOW,M1_LogisticRegression,6,0.5552292836030693,0.5551501860545643,0.9672214280405863,0.705416667995141
S1_Baseline,NETFLOW,NETFLOW,M2_XGBoost,6,0.7176364966736307,0.7508622164591043,0.7290499984699252,0.7397953638579657
S1_Baseline,NETFLOW,NETFLOW,M3_IsolationForest,6,0.47201469186555883,0.6131825197761914,0.11114899867539246,0.18818626924884627
S1_Baseline,NETFLOW,NETFLOW,M1_LogisticRegression,7,0.5554025821483243,0.5552663090274204,0.9669722444447358,0.7054441077977994
S1_Baseline,NETFLOW,NETFLOW,M2_XGBoost,7,0.7191889628082067,0.7528595858733074,0.7294128447586198,0.7409507738082022
S1_Baseline,NETFLOW,NETFLOW,M3_IsolationForest,7,0.4669721855834866,0.5880959860805683,0.10638828050203937,0.18018124740863592
S1_Baseline,NETFLOW,NETFLOW,M1_LogisticRegression,8,0.555036729663897,0.5550443064015976,0.9671516253694021,0.7053126235382634
S1_Baseline,NETFLOW,NETFLOW,M2_XGBoost,8,0.718050487642851,0.752455404604534,0.7271101823841083,0.7395657094072581
S1_Baseline,NETFLOW,NETFLOW,M3_IsolationForest,8,0.4709315759577152,0.6077707835901889,0.11016489761659118,0.18652090403425473
S1_Baseline,NETFLOW,NETFLOW,M1_LogisticRegression,9,0.555404989072564,0.5552161471460852,0.9678029971846749,0.7056245527753031
S1_Baseline,NETFLOW,NETFLOW,M2_XGBoost,9,0.7185150240211039,0.7526645031232768,0.7279670204766817,0.7401097802173382
S1_Baseline,NETFLOW,NETFLOW,M3_IsolationForest,9,0.4683320977788903,0.5949073514845505,0.10765121443684754,0.18231219992522424
S1_Baseline,NETFLOW,NETFLOW,M1_LogisticRegression,10,0.5554689060743693,0.5552673238016151,0.9675711594031834,0.7056042439100592
S1_Baseline,NETFLOW,NETFLOW,M2_XGBoost,10,0.718088319890629,0.7507255231403697,0.7305451000450279,0.7404978453289612
S1_Baseline,NETFLOW,NETFLOW,M3_IsolationForest,10,0.4726512575005957,0.6145845700852468,0.11314683908422843,0.1911097984198479
S2_Transfer,KDD,CORES,M1_LogisticRegression,1,0.5347946166931682,0.5347946166931682,1.0,0.6968940480719484
S2_Transfer,KDD,CORES,M2_XGBoost,1,0.36812563692815253,0.43869083915462237,0.6494486285689923,0.5236592777041257
S2_Transfer,KDD,CORES,M3_IsolationForest,1,0.8825494573471273,0.8261964423245298,0.9882830095296706,0.9000001688074262
S2_Transfer,KDD,CORES,M1_LogisticRegression,2,0.5347946166931682,0.5347946166931682,1.0,0.6968940480719484
S2_Transfer,KDD,CORES,M2_XGBoost,2,0.36812563692815253,0.43869083915462237,0.6494486285689923,0.5236592777041257
S2_Transfer,KDD,CORES,M3_IsolationForest,2,0.9323428646203016,0.8938590537834287,0.9911876961404926,0.9400107410913546
S2_Transfer,KDD,NETFLOW,M1_LogisticRegression,1,0.5084730994796709,0.5614303928432283,0.49010742854345013,0.5233500888815859
S2_Transfer,KDD,NETFLOW,M2_XGBoost,1,0.45437408145709485,0.5177001352416283,0.13153286113853097,0.20976931357402212
S2_Transfer,KDD,NETFLOW,M3_IsolationForest,1,0.5137254920838631,0.5537228771460194,0.6018918684977403,0.5768034691694781
S2_Transfer,KDD,NETFLOW,M1_LogisticRegression,2,0.5084730994796709,0.5614303928432283,0.49010742854345013,0.5233500888815859
S2_Transfer,KDD,NETFLOW,M2_XGBoost,2,0.45437408145709485,0.5177001352416283,0.13153286113853097,0.20976931357402212
S2_Transfer,KDD,NETFLOW,M3_IsolationForest,2,0.5195844298884293,0.5529803659564135,0.6650436245395576,0.6038568529756404
S2_Transfer,CORES,KDD,M1_LogisticRegression,1,0.08450658941770703,0.2703024784756906,0.0806074206583718,0.1241822225092966
S2_Transfer,CORES,KDD,M2_XGBoost,1,0.08388606850165096,0.26823140584694755,0.07972096663418997,0.1229114594235197
S2_Transfer,CORES,KDD,M3_IsolationForest,1,0.8051017750756361,0.8051690819702704,0.9998961810602309,0.8920292320269878
S2_Transfer,CORES,KDD,M1_LogisticRegression,2,0.08450658941770703,0.2703024784756906,0.0806074206583718,0.1241822225092966
S2_Transfer,CORES,KDD,M2_XGBoost,2,0.08388606850165096,0.26823140584694755,0.07972096663418997,0.1229114594235197
S2_Transfer,CORES,KDD,M3_IsolationForest,2,0.8046130746650634,0.8050738134990719,0.9992892395661965,0.8917291866727717
S2_Transfer,CORES,NETFLOW,M1_LogisticRegression,1,0.5404409198498656,0.5572414903852267,0.8046648836227209,0.6584779505672
S2_Transfer,CORES,NETFLOW,M2_XGBoost,1,0.540440438464786,0.5572412223021461,0.8046640092958434,0.6584774706481465
S2_Transfer,CORES,NETFLOW,M3_IsolationForest,1,0.5505967008754951,0.550588458435309,0.9999965026924896,0.7101662232783374
S2_Transfer,CORES,NETFLOW,M1_LogisticRegression,2,0.5404409198498656,0.5572414903852267,0.8046648836227209,0.6584779505672
S2_Transfer,CORES,NETFLOW,M2_XGBoost,2,0.540440438464786,0.5572412223021461,0.8046640092958434,0.6584774706481465
S2_Transfer,CORES,NETFLOW,M3_IsolationForest,2,0.5505779268573883,0.5505779268573883,1.0,0.7101583446028594
S2_Transfer,NETFLOW,KDD,M1_LogisticRegression,1,0.8103295834150513,0.8161890762548103,0.9866353080228082,0.8933548577203071
S2_Transfer,NETFLOW,KDD,M2_XGBoost,1,0.09792977503705443,0.1869389960106383,0.03592534619623377,0.060268485148912795
S2_Transfer,NETFLOW,KDD,M3_IsolationForest,1,0.7307067829687907,0.9931185060708623,0.6701951796067658,0.8003099370589357
S2_Transfer,NETFLOW,KDD,M1_LogisticRegression,2,0.8103295834150513,0.8161890762548103,0.9866353080228082,0.8933548577203071
S2_Transfer,NETFLOW,KDD,M2_XGBoost,2,0.09792977503705443,0.1869389960106383,0.03592534619623377,0.060268485148912795
S2_Transfer,NETFLOW,KDD,M3_IsolationForest,2,0.7284722646441328,0.988515760661624,0.6705665319682473,0.7990749926841628
S2_Transfer,NETFLOW,CORES,M1_LogisticRegression,1,0.5348154345783089,0.5348057502178488,1.0,0.6969035008396848
S2_Transfer,NETFLOW,CORES,M2_XGBoost,1,0.5376734328097801,0.5375509055119728,0.969903961829415,0.6917258542679521
S2_Transfer,NETFLOW,CORES,M3_IsolationForest,1,0.6145162121758854,0.8303337617391228,0.35089244503432054,0.4933142224249137
S2_Transfer,NETFLOW,CORES,M1_LogisticRegression,2,0.5348154345783089,0.5348057502178488,1.0,0.6969035008396848
S2_Transfer,NETFLOW,CORES,M2_XGBoost,2,0.5376734328097801,0.5375509055119728,0.969903961829415,0.6917258542679521
S2_Transfer,NETFLOW,CORES,M3_IsolationForest,2,0.6144160880616368,0.8298995283266996,0.35093507923473466,0.4932796767053545
S3_Combined,CORES+NETFLOW,KDD,M1_LogisticRegression,1,0.6142578344784569,0.775743049302711,0.732758069926049,0.7536381277015164
S3_Combined,CORES+NETFLOW,KDD,M2_XGBoost,1,0.14202534168839562,0.31122812665271676,0.0540457442220767,0.09209832440248363
S3_Combined,CORES+NETFLOW,KDD,M3_IsolationForest,1,0.7424034414797334,0.9925958490478725,0.6851890303311026,0.8107306194957856
S3_Combined,CORES+NETFLOW,KDD,M1_LogisticRegression,2,0.6142578344784569,0.775743049302711,0.732758069926049,0.7536381277015164
S3_Combined,CORES+NETFLOW,KDD,M2_XGBoost,2,0.14202534168839562,0.31122812665271676,0.0540457442220767,0.09209832440248363
S3_Combined,CORES+NETFLOW,KDD,M3_IsolationForest,2,0.7303081063180604,0.9915533361665958,0.6707701768116405,0.8002105503844211
S3_Combined,KDD+NETFLOW,CORES,M1_LogisticRegression,1,0.5347946166931682,0.5347946166931682,1.0,0.6968940480719484
S3_Combined,KDD+NETFLOW,CORES,M2_XGBoost,1,0.5316015496437168,0.533453073195486,0.9898882798583062,0.6932903698202958
S3_Combined,KDD+NETFLOW,CORES,M3_IsolationForest,1,0.4656703160749761,0.5002567519185226,0.8469395131915777,0.628991069695472
S3_Combined,KDD+NETFLOW,CORES,M1_LogisticRegression,2,0.5347946166931682,0.5347946166931682,1.0,0.6968940480719484
S3_Combined,KDD+NETFLOW,CORES,M2_XGBoost,2,0.5316015496437168,0.533453073195486,0.9898882798583062,0.6932903698202958
S3_Combined,KDD+NETFLOW,CORES,M3_IsolationForest,2,0.48480393517508835,0.5109054442272304,0.858428503372736,0.6405680610221585
S3_Combined,KDD+CORES,NETFLOW,M1_LogisticRegression,1,0.5331286804897997,0.5668344250310752,0.6447137759817161,0.6032710249789742
S3_Combined,KDD+CORES,NETFLOW,M2_XGBoost,1,0.47579908719761194,0.5591127796836904,0.22656607244497642,0.3224625079407942
S3_Combined,KDD+CORES,NETFLOW,M3_IsolationForest,1,0.5505716688513527,0.5505925035586812,0.9996764990552898,0.7100888754603927
S3_Combined,KDD+CORES,NETFLOW,M1_LogisticRegression,2,0.5331286804897997,0.5668344250310752,0.6447137759817161,0.6032710249789742
S3_Combined,KDD+CORES,NETFLOW,M2_XGBoost,2,0.47579908719761194,0.5591127796836904,0.22656607244497642,0.3224625079407942
S3_Combined,KDD+CORES,NETFLOW,M3_IsolationForest,2,0.5515806519783242,0.5512283625598298,0.9982679584554841,0.7102612696425011
